Model,R2,RMSE,MAE
Linear Regression,0.0038022572099064567,2206.3108996323786,153.04457337391173
Random Forest,-0.2124460183419452,2434.0255888018423,133.8744665820498
